{
  "resultCount": 2,
  "results": [
    {
      "artworkUrl60": "https://is1-ssl.mzstatic.com/image/thumb/Publication69/v4/5d/58/71/5d5871e4-aadb-bc66-7a0d-45eef12ef50b/source/60x60bb.jpg",
      "artworkUrl100": "https://is1-ssl.mzstatic.com/image/thumb/Publication69/v4/5d/58/71/5d5871e4-aadb-bc66-7a0d-45eef12ef50b/source/100x100bb.jpg",
      "artistViewUrl": "https://books.apple.com/us/artist/timothy-ferriss/252402319?uo=4",
      "trackCensoredName": "The 4-Hour Workweek, Expanded and Updated",
      "fileSizeBytes": 20874948,
      "trackViewUrl": "https://books.apple.com/us/book/the-4-hour-workweek-expanded-and-updated/id419259551?uo=4",
      "trackId": 419259551,
      "trackName": "The 4-Hour Workweek, Expanded and Updated",
      "releaseDate": "2009-12-15T08:00:00Z",
      "genreIds": ["10119", "38", "9025", "9009", "10010"],
      "formattedPrice": "$13.99",
      "artistIds": [252402319],
      "currency": "USD",
      "description": "<b>The <i>New York Times</i> bestselling author of <i>The 4-Hour Body </i>shows readers how to live more and work less, now with more than 100 pages of new, cutting-edge content.</b><br /><br />Forget the old concept of retirement and the rest of the deferred-life plan–there is no need to wait and every reason not to, especially in unpredictable economic times<b>.</b> Whether your dream is escaping the rat race, experiencing high-end world travel, or&#xa0;earning a monthly five-figure income with zero management, <i>The 4-Hour Workweek</i> is the blueprint. <br /><br />This step-by-step guide to luxury lifestyle design teaches: <br />• How Tim went from $40,000 per year and 80 hours per week to $40,000 per month and 4 hours per week<br />• How to outsource your life to overseas virtual assistants for $5 per hour and do whatever you want<br />• How blue-chip escape artists travel the world without quitting their jobs<br />• How to eliminate 50% of your work in 48 hours using the principles of a forgotten Italian economist<br />• How to trade a long-haul career for short work bursts and frequent “mini-retirements”<br /><br />The new expanded edition of Tim Ferriss’ <i>The 4-Hour Workweek</i> includes:<br />• More than 50 practical tips and case studies from readers (including families) who have doubled income, overcome common sticking points, and reinvented themselves using the original book as a starting point<br />• Real-world templates you can copy for eliminating e-mail, negotiating with bosses and clients, or getting a private chef for less than $8 a meal<br />• How Lifestyle Design principles can be suited to unpredictable economic times<br />• The latest tools and tricks, as well as high-tech shortcuts, for living like a diplomat or millionaire without being either<br /><br /><i>From the Hardcover edition.</i>",
      "artistId": 252402319,
      "artistName": "Timothy Ferriss",
      "genres": [
        "Self-Improvement",
        "Books",
        "Health, Mind & Body",
        "Business & Personal Finance",
        "Careers"
      ],
      "price": 13.99,
      "kind": "ebook",
      "averageUserRating": 4.0,
      "userRatingCount": 621
    },
    {
      "artworkUrl60": "https://is2-ssl.mzstatic.com/image/thumb/Publication128/v4/9e/43/ad/9e43adf3-0489-43f0-56b2-3fde625ea9d5/source/60x60bb.jpg",
      "artworkUrl100": "https://is2-ssl.mzstatic.com/image/thumb/Publication128/v4/9e/43/ad/9e43adf3-0489-43f0-56b2-3fde625ea9d5/source/100x100bb.jpg",
      "artistViewUrl": "https://books.apple.com/us/artist/timothy-ferriss/252402319?uo=4",
      "trackCensoredName": "Tribe of Mentors",
      "fileSizeBytes": 4461271,
      "trackViewUrl": "https://books.apple.com/us/book/tribe-of-mentors/id1250671801?uo=4",
      "trackId": 1250671801,
      "trackName": "Tribe of Mentors",
      "releaseDate": "2017-11-21T08:00:00Z",
      "genreIds": ["10119", "38", "9025", "9009", "10014", "10094"],
      "formattedPrice": "$14.99",
      "artistIds": [252402319],
      "currency": "USD",
      "description": "<b>Tim Ferriss, the #1 <i>New York Times</i> best-selling author of <i>The 4-Hour Workweek</i>, shares the ultimate choose-your-own-adventure book—a compilation of tools, tactics, and habits from 130+ of the world's top performers. From iconic entrepreneurs to elite athletes, from artists to billionaire investors, their short profiles can help you answer life's most challenging questions, achieve extraordinary results, and transform your life.</b><br /><br /><b>From the author:</b><br /><br /> In 2017, several of my close friends died in rapid succession. It was a very hard year, as it was for many people.<br /><br /> It was also a stark reminder that time is our scarcest, non-renewable resource.<br /><br /> With a renewed sense of urgency, I began asking myself many questions:<br /><br /> Were my goals my own, or simply what I thought I should want?<br /> How much of life had I missed from underplanning or overplanning?<br /> How could I be kinder to myself?<br /> How could I better say “no” to the trivial many to better say “yes” to the critical few?<br /> How could I best reassess my priorities and my purpose in this world?<br /><br /> To find answers, I reached out to the most impressive world-class performers in the world, ranging from wunderkinds in their 20s to icons in their 70s and 80s. No stone was left unturned.<br /><br /> This book contains their answers—practical and tactical advice from mentors who have found solutions. Whether you want to 10x your results, get unstuck, or reinvent yourself, someone else has traveled a similar path and taken notes.<br /><br /> This book, <i>Tribe of Mentors</i>, includes many of the people I grew up viewing as idols or demi-gods. Less than 10% have been on my podcast (<i>The Tim Ferriss Show</i>,&#xa0;more than 200 million downloads), making this a brand-new playbook of playbooks.<br /><br /> No matter your challenge or opportunity, something in these pages can help.<br /><br /> Among other things, you will learn:<br /><br /> • More than 50 morning routines—both for the early riser and those who struggle to get out of bed.<br /> • How TED curator Chris Anderson realized that the best way to get things done is to let go.<br /> • The best purchases of $100 or less (you'll never have to think about the right gift again).<br /> • How to overcome failure and bounce back towards success.<br /> • Why Humans of New York creator Brandon Stanton believes that the best art will always be the riskiest.<br /> • How to meditate and be more mindful (and not just for those that find it easy).<br /> • Why tennis champion Maria Sharapova believe that “losing makes you think in ways victories can’t.”<br /> • How to truly achieve work-life balance (and why most people tell you it isn’t realistic).<br /> • How billionaire Facebook co-founder Dustin Moskovitz transformed the way he engages with difficult situations to reduce suffering.<br /> • Ways to thrive (and survive) the overwhelming amount of information you process every day.<br /> • How to achieve clarity on your purpose and assess your priorities.<br /> • And much more.<br /><br /> This reference book, which I wrote for myself, has already changed my life.&#xa0;I certainly hope the same for you.<br /><br /> I wish you luck as you forge your own path.<br /><br /> All the best,<br /><br /> Tim Ferriss",
      "artistId": 252402319,
      "artistName": "Timothy Ferriss",
      "genres": [
        "Self-Improvement",
        "Books",
        "Health, Mind & Body",
        "Business & Personal Finance",
        "Management & Leadership",
        "Psychology"
      ],
      "price": 14.99,
      "kind": "ebook",
      "averageUserRating": 4.5,
      "userRatingCount": 81
    }
  ]
}
